,Annual Return,Annual Volatility,Sharpe Ratio,Max Drawdown
Strategy,-0.012717319815285011,0.1939118515059749,-0.06558299411056451,-0.8086593138097912
ftsemib,-0.023128153043194377,0.2335442435619529,-0.09903114155352372,-0.8368364889031347
ssec,0.013223684725466978,0.23570717278693634,0.056102173595795966,-0.7464928127442297
