,Annual Return,Annual Volatility,Sharpe Ratio,Max Drawdown
Strategy,-0.011424412689054253,0.19477559508059467,-0.05865423070239901,-0.6968197296201156
ftse100,-0.0009713758041176579,0.18131780465395067,-0.005357310640130194,-0.5894496242955668
ftsemib,-0.02157064412316212,0.23354459942102637,-0.09236199071456705,-0.8368364889031367
