,Annual Return,Annual Volatility,Sharpe Ratio,Max Drawdown
Strategy,0.023012635119358027,0.1886530749058525,0.12198388566336649,-0.6991755097719919
s&p500,0.041718006229069404,0.19344352895727507,0.21565986959575917,-0.6433313352381408
ftsemib,-0.020993493721468637,0.2335609665088823,-0.08988442733075544,-0.8368364889031357
