,Annual Return,Annual Volatility,Sharpe Ratio,Max Drawdown
Strategy,0.0034767955307939413,0.17283746878412284,0.020115982693177038,-0.6132460239370366
ftse100,-0.0035988126440366086,0.18308972748155192,-0.019656005246931313,-0.5894496242955687
ssec,0.008376926992684774,0.2357317799039779,0.035535840759769434,-0.7464928127442298
