,Annual Return,Annual Volatility,Sharpe Ratio,Max Drawdown
Strategy,0.05422421716607606,0.15559043343768791,0.3485061129275162,-0.5798808823397172
ftse100,0.034241781827064166,0.1717364569283287,0.19938563098081377,-0.5894496242955676
s&p500,0.0735215388250603,0.18247888116037286,0.40290437094715287,-0.6433313352381403
